1,2,2026-04-29 15:09:50.900868,TicTacToe
1,2,2026-04-29 15:11:49.419042,TicTacToe
1,2,2026-04-29 15:12:32.099333,Connect4
Player 2 Wins,1,2026-04-29 15:13:57.724453,Othello
1,2,2026-04-29 16:24:38.960530,TicTacToe
1,2,2026-04-29 16:26:53.804865,TicTacToe
1,2,2026-04-29 16:27:35.205583,TicTacToe
1,2,2026-04-29 16:30:15.546627,TicTacToe
1,2,2026-04-29 16:32:34.904098,TicTacToe
1,2,2026-04-29 16:37:41.661691,TicTacToe
3,1,2026-04-29 16:43:13.296880,Connect4
1,3,2026-04-29 18:03:51.348652,TicTacToe
1,3,2026-04-29 18:05:00.897560,Connect4
1,3,2026-04-29 18:05:32.048780,TicTacToe
1,3,2026-04-29 18:06:32.676374,TicTacToe
1,3,2026-04-29 18:13:28.140821,TicTacToe
1,3,2026-04-29 18:15:05.813129,TicTacToe
1,3,2026-04-29 18:18:52.661773,TicTacToe
1,2,2026-04-29 20:29:30.759657,TicTacToe
1,2,2026-04-29 20:31:33.597940,TicTacToe
1,2,2026-04-29 20:35:40.746669,Connect4
1,2,2026-04-29 20:41:59.991957,Connect4
1,2,2026-04-29 20:42:37.016903,TicTacToe
